{"cameraMode":{"drawMode":0,"name":"Shaded","section":"Shading Mode"},"sceneLighting":true,"audioPlay":false,"sceneViewState":{"m_AlwaysRefresh":true,"showFog":true,"showSkybox":true,"showFlares":true,"showImageEffects":true,"showParticleSystems":true,"showVisualEffectGraphs":true,"m_FxEnabled":true},"in2DMode":false,"pivot":{"x":34.288482666015628,"y":9.167325973510743,"z":-11.799237251281739},"rotation":{"x":0.034214552491903308,"y":-0.8798537850379944,"z":-0.06328346580266953,"w":-0.47017329931259158},"size":13.884881019592286,"orthographic":false}