{"cameraMode":{"drawMode":0,"name":"Shaded","section":"Shading Mode"},"sceneLighting":true,"audioPlay":false,"sceneViewState":{"m_AlwaysRefresh":true,"showFog":true,"showSkybox":true,"showFlares":true,"showImageEffects":true,"showParticleSystems":true,"showVisualEffectGraphs":true,"m_FxEnabled":true},"in2DMode":false,"pivot":{"x":-0.6686080098152161,"y":-0.9940914511680603,"z":3.5191855430603029},"rotation":{"x":-0.29231053590774538,"y":0.31540340185165408,"z":-0.10280728340148926,"w":-0.8970744609832764},"size":12.179980278015137,"orthographic":false}