{"cameraMode":{"drawMode":0,"name":"Shaded","section":"Shading Mode"},"sceneLighting":true,"audioPlay":false,"sceneViewState":{"m_AlwaysRefresh":true,"showFog":true,"showSkybox":true,"showFlares":true,"showImageEffects":true,"showParticleSystems":true,"showVisualEffectGraphs":true,"m_FxEnabled":true},"in2DMode":false,"pivot":{"x":-14.641157150268555,"y":-6.352162837982178,"z":-26.726024627685548},"rotation":{"x":0.03815009072422981,"y":-0.9491440057754517,"z":0.12445124983787537,"w":0.2873450815677643},"size":21.258995056152345,"orthographic":false}