{"cameraMode":{"drawMode":0,"name":"Shaded","section":"Shading Mode"},"sceneLighting":true,"audioPlay":false,"sceneViewState":{"m_AlwaysRefresh":true,"showFog":true,"showSkybox":true,"showFlares":true,"showImageEffects":true,"showParticleSystems":true,"showVisualEffectGraphs":true,"m_FxEnabled":true},"in2DMode":false,"pivot":{"x":8.706365585327149,"y":0.2885989546775818,"z":-2.0913314819335939},"rotation":{"x":-0.1579965502023697,"y":0.3032703101634979,"z":-0.051058221608400348,"w":-0.9383583664894104},"size":0.20503243803977967,"orthographic":false}