{"cameraMode":{"drawMode":0,"name":"Shaded","section":"Shading Mode"},"sceneLighting":false,"audioPlay":false,"sceneViewState":{"m_AlwaysRefresh":true,"showFog":true,"showSkybox":false,"showFlares":true,"showImageEffects":true,"showParticleSystems":true,"showVisualEffectGraphs":true,"m_FxEnabled":true},"in2DMode":false,"pivot":{"x":3.5811831951141359,"y":3.6958096027374269,"z":-2.8220014572143556},"rotation":{"x":-0.013331986032426358,"y":0.26065608859062197,"z":-0.00359938177280128,"w":-0.965334951877594},"size":0.1732049137353897,"orthographic":false}