{"cameraMode":{"drawMode":0,"name":"Shaded","section":"Shading Mode"},"sceneLighting":false,"audioPlay":false,"sceneViewState":{"m_AlwaysRefresh":true,"showFog":true,"showSkybox":false,"showFlares":true,"showImageEffects":true,"showParticleSystems":true,"showVisualEffectGraphs":true,"m_FxEnabled":true},"in2DMode":false,"pivot":{"x":3.5811831951141359,"y":3.6958096027374269,"z":-2.8220014572143556},"rotation":{"x":0.08841169625520706,"y":0.0026811619754880668,"z":-0.0007060067728161812,"w":0.9962741732597351},"size":0.1732049137353897,"orthographic":false}