{"cameraMode":{"drawMode":0,"name":"Shaded","section":"Shading Mode"},"sceneLighting":true,"audioPlay":false,"sceneViewState":{"m_AlwaysRefresh":true,"showFog":true,"showSkybox":true,"showFlares":true,"showImageEffects":true,"showParticleSystems":true,"showVisualEffectGraphs":true,"m_FxEnabled":true},"in2DMode":false,"pivot":{"x":8.542917251586914,"y":1.8516548871994019,"z":-0.8829036355018616},"rotation":{"x":-0.09359025210142136,"y":0.8145859837532044,"z":-0.13714921474456788,"w":-0.5557984709739685},"size":2.0886058807373049,"orthographic":false}