{"cameraMode":{"drawMode":0,"name":"Shaded","section":"Shading Mode"},"sceneLighting":true,"audioPlay":false,"sceneViewState":{"m_AlwaysRefresh":true,"showFog":true,"showSkybox":true,"showFlares":true,"showImageEffects":true,"showParticleSystems":true,"showVisualEffectGraphs":true,"m_FxEnabled":true},"in2DMode":false,"pivot":{"x":12.339427947998047,"y":10.270320892333985,"z":8.422660827636719},"rotation":{"x":-0.11970356851816178,"y":0.7934278249740601,"z":-0.16563521325588227,"w":-0.5733551383018494},"size":2.0886058807373049,"orthographic":false}